"stream_id","user_id","track_id","date_key","listen_duration","device_type","stream_timestamp"
"1",361,74,20250518,156,"Smart Speaker","2025-09-30 19:49:55"
"2",321,288,20250519,47,"Mobile","2025-09-27 19:49:55"
"3",275,340,20250307,214,"Mobile","2025-10-03 19:49:55"
"4",43,373,20250216,14,"Desktop","2025-10-04 19:49:55"
"5",319,95,20250421,266,"Desktop","2025-09-27 19:49:55"
"6",52,31,20250130,317,"Desktop","2025-10-02 19:49:55"
"7",5,354,20250824,90,"Mobile","2025-10-01 19:49:55"
"8",115,386,20250413,159,"Smart Speaker","2025-09-29 19:49:55"
"9",439,95,20250930,290,"Mobile","2025-10-04 19:49:55"
"10",40,389,20250227,53,"Mobile","2025-10-01 19:49:55"
"11",269,457,20250106,43,"Mobile","2025-10-02 19:49:55"
"12",285,398,20241019,146,"Mobile","2025-10-06 19:49:55"
"13",491,167,20250129,206,"Smart Speaker","2025-09-27 19:49:55"
"14",29,372,20241208,290,"Smart Speaker","2025-10-07 19:49:55"
"15",498,217,20250410,99,"Mobile","2025-10-01 19:49:55"
"16",192,258,20250430,150,"Mobile","2025-10-02 19:49:55"
"17",104,136,20241217,186,"Smart Speaker","2025-10-01 19:49:55"
"18",400,336,20250404,96,"Mobile","2025-09-27 19:49:55"
"19",303,120,20241203,126,"Mobile","2025-10-05 19:49:55"
"20",50,197,20241113,177,"Mobile","2025-09-28 19:49:55"
"21",7,241,20250624,18,"Mobile","2025-10-02 19:49:55"
"22",363,62,20250318,153,"Desktop","2025-10-04 19:49:55"
"23",273,25,20250606,55,"Smart Speaker","2025-10-02 19:49:55"
"24",474,492,20250116,330,"Mobile","2025-09-28 19:49:55"
"25",196,195,20250923,16,"Desktop","2025-10-02 19:49:55"
"26",484,469,20250320,53,"Mobile","2025-10-05 19:49:55"
"27",240,145,20250915,55,"Desktop","2025-09-28 19:49:55"
"28",483,489,20250718,134,"Mobile","2025-10-04 19:49:55"
"29",486,477,20250622,230,"Smart Speaker","2025-09-29 19:49:55"
"30",406,307,20250129,80,"Smart Speaker","2025-10-02 19:49:55"
"31",48,369,20250425,69,"Desktop","2025-10-02 19:49:55"
"32",398,105,20250421,134,"Desktop","2025-10-03 19:49:55"
"33",162,442,20250714,33,"Desktop","2025-10-02 19:49:55"
"34",170,315,20250606,39,"Mobile","2025-10-07 19:49:55"
"35",72,115,20241127,174,"Smart Speaker","2025-10-04 19:49:55"
"36",433,66,20241116,164,"Mobile","2025-09-30 19:49:55"
"37",278,151,20250429,72,"Smart Speaker","2025-10-02 19:49:55"
"38",284,303,20241128,77,"Desktop","2025-10-01 19:49:55"
"39",214,329,20250102,62,"Desktop","2025-10-05 19:49:55"
"40",203,245,20250216,103,"Mobile","2025-10-01 19:49:55"
"41",384,426,20250529,46,"Desktop","2025-10-04 19:49:55"
"42",351,128,20250513,160,"Desktop","2025-10-06 19:49:55"
"43",238,141,20250118,209,"Mobile","2025-09-29 19:49:55"
"44",326,489,20241229,266,"Smart Speaker","2025-10-02 19:49:55"
"45",375,313,20250406,219,"Desktop","2025-10-04 19:49:55"
"46",147,66,20250704,40,"Desktop","2025-09-27 19:49:55"
"47",369,487,20250709,42,"Mobile","2025-09-29 19:49:55"
"48",122,276,20250717,111,"Mobile","2025-09-30 19:49:55"
"49",327,389,20250607,12,"Smart Speaker","2025-10-01 19:49:55"
"50",197,199,20250202,41,"Smart Speaker","2025-10-02 19:49:55"
"51",469,332,20241027,106,"Desktop","2025-10-02 19:49:55"
"52",152,390,20250605,120,"Desktop","2025-10-02 19:49:55"
"53",212,104,20250601,172,"Smart Speaker","2025-10-02 19:49:55"
"54",30,79,20250214,137,"Mobile","2025-10-07 19:49:55"
"55",22,476,20241020,145,"Desktop","2025-10-07 19:49:55"
"56",373,74,20251004,86,"Smart Speaker","2025-10-04 19:49:55"
"57",120,407,20250919,125,"Smart Speaker","2025-10-05 19:49:55"
"58",313,55,20250929,85,"Desktop","2025-09-27 19:49:55"
"59",23,66,20250620,24,"Smart Speaker","2025-10-03 19:49:55"
"60",304,215,20250526,105,"Smart Speaker","2025-10-04 19:49:55"
"61",190,246,20250309,37,"Mobile","2025-10-05 19:49:55"
"62",469,350,20250311,158,"Desktop","2025-10-04 19:49:55"
"63",426,370,20250212,81,"Desktop","2025-10-05 19:49:55"
"64",402,214,20250503,39,"Desktop","2025-09-28 19:49:55"
"65",37,304,20250916,22,"Mobile","2025-10-06 19:49:55"
"66",356,396,20250819,126,"Smart Speaker","2025-10-04 19:49:55"
"67",201,147,20250803,59,"Mobile","2025-10-01 19:49:55"
"68",445,3,20241127,176,"Desktop","2025-10-01 19:49:55"
"69",360,151,20250903,43,"Smart Speaker","2025-09-29 19:49:55"
"70",285,51,20250401,42,"Desktop","2025-10-03 19:49:55"
"71",146,258,20250719,32,"Desktop","2025-10-01 19:49:55"
"72",352,334,20241018,280,"Desktop","2025-10-01 19:49:55"
"73",357,244,20241031,38,"Desktop","2025-09-30 19:49:55"
"74",367,212,20250827,27,"Desktop","2025-10-05 19:49:55"
"75",192,453,20250626,12,"Mobile","2025-10-07 19:49:55"
"76",286,109,20250115,200,"Smart Speaker","2025-10-04 19:49:55"
"77",138,395,20250619,148,"Desktop","2025-09-28 19:49:55"
"78",178,263,20250317,47,"Desktop","2025-09-29 19:49:55"
"79",490,318,20250908,119,"Smart Speaker","2025-10-02 19:49:55"
"80",117,412,20250208,177,"Desktop","2025-10-03 19:49:55"
"81",28,257,20250611,187,"Desktop","2025-10-06 19:49:55"
"82",123,55,20250508,26,"Desktop","2025-09-28 19:49:55"
"83",306,441,20250226,25,"Desktop","2025-10-02 19:49:55"
"84",313,408,20241117,23,"Smart Speaker","2025-09-27 19:49:55"
"85",50,428,20250805,165,"Desktop","2025-09-30 19:49:55"
"86",149,110,20241215,78,"Mobile","2025-10-04 19:49:55"
"87",59,281,20241019,33,"Smart Speaker","2025-10-02 19:49:55"
"88",222,391,20250401,160,"Desktop","2025-10-05 19:49:55"
"89",93,175,20250428,106,"Mobile","2025-09-28 19:49:55"
"90",260,117,20250214,345,"Mobile","2025-10-02 19:49:55"
"91",17,155,20241108,230,"Desktop","2025-10-07 19:49:55"
"92",175,196,20250312,112,"Smart Speaker","2025-09-29 19:49:55"
"93",38,483,20241228,92,"Smart Speaker","2025-10-04 19:49:55"
"94",463,464,20250508,26,"Smart Speaker","2025-10-06 19:49:55"
"95",27,416,20250402,89,"Desktop","2025-10-05 19:49:55"
"96",6,327,20241030,269,"Desktop","2025-09-30 19:49:55"
"97",31,122,20250213,91,"Desktop","2025-09-30 19:49:55"
"98",280,453,20250627,50,"Smart Speaker","2025-09-30 19:49:55"
"99",492,279,20250707,105,"Desktop","2025-09-29 19:49:55"
"100",24,151,20250429,302,"Smart Speaker","2025-10-02 19:49:55"
"101",157,254,20241110,58,"Mobile","2025-10-06 19:49:55"
"102",174,369,20250910,49,"Desktop","2025-10-05 19:49:55"
"103",379,171,20241012,27,"Desktop","2025-10-04 19:49:55"
"104",359,271,20250726,99,"Mobile","2025-09-29 19:49:55"
"105",373,494,20250926,137,"Mobile","2025-10-01 19:49:55"
"106",343,300,20241021,191,"Desktop","2025-09-29 19:49:55"
"107",5,268,20250908,215,"Mobile","2025-10-07 19:49:55"
"108",451,277,20250408,71,"Mobile","2025-09-27 19:49:55"
"109",433,83,20250715,122,"Desktop","2025-09-28 19:49:55"
"110",313,416,20241216,83,"Mobile","2025-09-27 19:49:55"
"111",30,62,20241224,155,"Smart Speaker","2025-10-01 19:49:55"
"112",230,292,20250719,89,"Desktop","2025-09-30 19:49:55"
"113",255,347,20241014,36,"Desktop","2025-09-29 19:49:55"
"114",10,19,20250216,132,"Mobile","2025-09-27 19:49:55"
"115",70,165,20250703,50,"Mobile","2025-09-29 19:49:55"
"116",461,341,20250508,101,"Desktop","2025-10-04 19:49:55"
"117",231,169,20250619,287,"Smart Speaker","2025-10-03 19:49:55"
"118",207,419,20250328,46,"Mobile","2025-10-06 19:49:55"
"119",370,150,20241014,53,"Mobile","2025-10-05 19:49:55"
"120",284,28,20250305,113,"Smart Speaker","2025-10-05 19:49:55"
"121",74,363,20250705,87,"Mobile","2025-10-05 19:49:55"
"122",198,293,20241123,252,"Smart Speaker","2025-09-29 19:49:55"
"123",278,322,20250217,98,"Desktop","2025-10-04 19:49:55"
"124",163,416,20250325,94,"Smart Speaker","2025-09-29 19:49:55"
"125",359,457,20241118,17,"Mobile","2025-09-27 19:49:55"
"126",410,299,20241105,77,"Smart Speaker","2025-10-03 19:49:55"
"127",354,419,20250403,212,"Desktop","2025-09-30 19:49:55"
"128",206,118,20250305,267,"Mobile","2025-09-30 19:49:55"
"129",177,189,20250704,234,"Desktop","2025-10-05 19:49:55"
"130",146,164,20250616,131,"Desktop","2025-09-28 19:49:55"
"131",310,271,20250224,39,"Mobile","2025-10-01 19:49:55"
"132",159,447,20250617,74,"Desktop","2025-10-07 19:49:55"
"133",247,115,20250305,176,"Mobile","2025-09-27 19:49:55"
"134",333,123,20250708,188,"Smart Speaker","2025-10-04 19:49:55"
"135",394,492,20241116,100,"Desktop","2025-09-27 19:49:55"
"136",410,236,20250517,45,"Desktop","2025-10-04 19:49:55"
"137",348,395,20250308,23,"Smart Speaker","2025-10-04 19:49:55"
"138",333,18,20250417,147,"Smart Speaker","2025-10-02 19:49:55"
"139",480,66,20250807,36,"Desktop","2025-09-29 19:49:55"
"140",218,76,20250120,81,"Mobile","2025-09-27 19:49:55"
"141",99,89,20250505,52,"Smart Speaker","2025-10-04 19:49:55"
"142",89,439,20250228,221,"Mobile","2025-10-02 19:49:55"
"143",233,297,20250826,69,"Mobile","2025-10-06 19:49:55"
"144",253,141,20241117,59,"Desktop","2025-10-06 19:49:55"
"145",176,302,20250320,265,"Mobile","2025-10-03 19:49:55"
"146",368,207,20250911,29,"Smart Speaker","2025-10-05 19:49:55"
"147",379,418,20250806,60,"Smart Speaker","2025-10-05 19:49:55"
"148",276,190,20250212,62,"Mobile","2025-09-29 19:49:55"
"149",381,324,20250809,255,"Smart Speaker","2025-10-02 19:49:55"
"150",475,329,20250122,29,"Desktop","2025-10-05 19:49:55"
"151",7,253,20250922,164,"Smart Speaker","2025-10-04 19:49:55"
"152",64,410,20251003,88,"Desktop","2025-10-05 19:49:55"
"153",235,235,20250408,97,"Smart Speaker","2025-09-28 19:49:55"
"154",457,141,20251006,161,"Desktop","2025-09-29 19:49:55"
"155",37,447,20241119,19,"Mobile","2025-10-07 19:49:55"
"156",425,309,20250126,139,"Mobile","2025-10-02 19:49:55"
"157",367,279,20241017,108,"Smart Speaker","2025-10-02 19:49:55"
"158",52,478,20241217,137,"Smart Speaker","2025-10-04 19:49:55"
"159",384,417,20241130,96,"Mobile","2025-10-03 19:49:55"
"160",299,53,20251001,85,"Desktop","2025-09-28 19:49:55"
"161",122,158,20241027,80,"Desktop","2025-09-27 19:49:55"
"162",66,313,20250125,187,"Desktop","2025-09-30 19:49:55"
"163",49,20,20250730,77,"Smart Speaker","2025-09-29 19:49:55"
"164",57,375,20250808,258,"Desktop","2025-10-01 19:49:55"
"165",101,80,20250503,215,"Mobile","2025-10-04 19:49:55"
"166",483,264,20250103,75,"Mobile","2025-09-27 19:49:55"
"167",375,95,20250217,114,"Mobile","2025-10-06 19:49:55"
"168",486,188,20250926,46,"Smart Speaker","2025-09-29 19:49:55"
"169",54,249,20250509,206,"Smart Speaker","2025-10-06 19:49:55"
"170",135,389,20250726,89,"Smart Speaker","2025-10-02 19:49:55"
"171",231,470,20250104,168,"Smart Speaker","2025-10-02 19:49:55"
"172",83,377,20250307,46,"Smart Speaker","2025-10-04 19:49:55"
"173",3,497,20241022,65,"Desktop","2025-10-07 19:49:55"
"174",110,102,20250426,161,"Desktop","2025-10-06 19:49:55"
"175",275,444,20250404,136,"Smart Speaker","2025-09-29 19:49:55"
"176",53,395,20250217,162,"Desktop","2025-10-03 19:49:55"
"177",430,219,20250921,50,"Desktop","2025-10-07 19:49:55"
"178",142,135,20250321,60,"Mobile","2025-09-28 19:49:55"
"179",452,129,20250410,15,"Smart Speaker","2025-09-30 19:49:55"
"180",197,408,20250610,71,"Mobile","2025-09-28 19:49:55"
"181",452,31,20250509,24,"Mobile","2025-10-07 19:49:55"
"182",304,124,20241203,10,"Smart Speaker","2025-09-28 19:49:55"
"183",179,416,20250925,101,"Mobile","2025-10-04 19:49:55"
"184",265,483,20241210,133,"Desktop","2025-10-01 19:49:55"
"185",203,95,20250305,122,"Mobile","2025-10-07 19:49:55"
"186",192,139,20250909,125,"Mobile","2025-09-30 19:49:55"
"187",11,384,20250124,60,"Desktop","2025-10-01 19:49:55"
"188",401,443,20241012,89,"Smart Speaker","2025-09-29 19:49:55"
"189",38,499,20250908,70,"Desktop","2025-10-04 19:49:55"
"190",468,114,20241013,95,"Desktop","2025-10-05 19:49:55"
"191",35,391,20250706,53,"Smart Speaker","2025-09-27 19:49:55"
"192",184,332,20250702,100,"Mobile","2025-09-27 19:49:55"
"193",429,235,20241122,220,"Desktop","2025-10-05 19:49:55"
"194",87,421,20250914,207,"Mobile","2025-10-02 19:49:55"
"195",17,426,20241223,81,"Desktop","2025-10-02 19:49:55"
"196",135,316,20250421,159,"Smart Speaker","2025-10-06 19:49:55"
"197",484,289,20250424,121,"Mobile","2025-09-28 19:49:55"
"198",189,314,20250828,203,"Mobile","2025-10-01 19:49:55"
"199",354,216,20241018,68,"Mobile","2025-10-07 19:49:55"
"200",174,65,20241117,58,"Mobile","2025-10-07 19:49:55"
"201",118,479,20250325,106,"Smart Speaker","2025-10-07 19:49:55"
"202",307,257,20250719,246,"Desktop","2025-09-30 19:49:55"
"203",202,315,20250120,31,"Mobile","2025-10-02 19:49:55"
"204",132,138,20241124,263,"Desktop","2025-09-30 19:49:55"
"205",453,55,20250108,30,"Mobile","2025-09-28 19:49:55"
"206",299,266,20250306,36,"Desktop","2025-10-01 19:49:55"
"207",167,395,20250130,231,"Desktop","2025-09-28 19:49:55"
"208",211,171,20250718,159,"Mobile","2025-09-27 19:49:55"
"209",305,286,20241116,283,"Desktop","2025-10-06 19:49:55"
"210",422,438,20250226,124,"Desktop","2025-10-03 19:49:55"
"211",222,257,20250709,17,"Smart Speaker","2025-09-30 19:49:55"
"212",36,117,20250626,165,"Smart Speaker","2025-09-28 19:49:55"
"213",272,2,20241012,10,"Smart Speaker","2025-10-06 19:49:55"
"214",398,24,20250212,57,"Desktop","2025-10-05 19:49:55"
"215",167,113,20241202,76,"Desktop","2025-10-05 19:49:55"
"216",285,262,20250828,279,"Desktop","2025-10-02 19:49:55"
"217",203,65,20241015,292,"Mobile","2025-10-06 19:49:55"
"218",271,356,20250322,91,"Smart Speaker","2025-10-05 19:49:55"
"219",322,486,20241105,23,"Smart Speaker","2025-10-01 19:49:55"
"220",102,8,20250611,187,"Mobile","2025-09-27 19:49:55"
"221",155,203,20250802,331,"Desktop","2025-09-30 19:49:55"
"222",385,182,20250108,160,"Smart Speaker","2025-10-01 19:49:55"
"223",44,199,20250225,76,"Smart Speaker","2025-09-28 19:49:55"
"224",288,410,20241025,33,"Smart Speaker","2025-10-02 19:49:55"
"225",433,398,20250331,115,"Smart Speaker","2025-10-03 19:49:55"
"226",249,38,20250211,87,"Smart Speaker","2025-09-27 19:49:55"
"227",46,213,20241115,21,"Desktop","2025-10-06 19:49:55"
"228",284,331,20250707,40,"Desktop","2025-10-06 19:49:55"
"229",130,71,20250506,151,"Smart Speaker","2025-10-06 19:49:55"
"230",281,196,20250219,171,"Mobile","2025-10-06 19:49:55"
"231",496,393,20250319,160,"Mobile","2025-10-04 19:49:55"
"232",56,98,20241223,85,"Mobile","2025-10-02 19:49:55"
"233",331,378,20241208,49,"Desktop","2025-10-07 19:49:55"
"234",364,293,20250318,176,"Desktop","2025-10-04 19:49:55"
"235",103,493,20241102,76,"Smart Speaker","2025-10-05 19:49:55"
"236",433,464,20250530,140,"Mobile","2025-10-02 19:49:55"
"237",128,457,20250420,84,"Mobile","2025-10-01 19:49:55"
"238",426,336,20250105,44,"Mobile","2025-09-29 19:49:55"
"239",20,334,20241011,156,"Mobile","2025-10-01 19:49:55"
"240",491,36,20250712,220,"Mobile","2025-10-07 19:49:55"
"241",246,443,20250824,93,"Mobile","2025-10-01 19:49:55"
"242",122,206,20250715,168,"Smart Speaker","2025-10-01 19:49:55"
"243",450,95,20250810,296,"Desktop","2025-10-04 19:49:55"
"244",422,16,20250706,246,"Smart Speaker","2025-09-28 19:49:55"
"245",1,203,20250422,23,"Mobile","2025-09-29 19:49:55"
"246",86,198,20250929,36,"Smart Speaker","2025-10-06 19:49:55"
"247",352,248,20241203,181,"Mobile","2025-10-03 19:49:55"
"248",72,494,20250207,220,"Mobile","2025-10-02 19:49:55"
"249",276,405,20250130,17,"Mobile","2025-10-04 19:49:55"
"250",145,397,20250622,36,"Mobile","2025-10-07 19:49:55"
"251",494,79,20250227,28,"Smart Speaker","2025-10-01 19:49:55"
"252",405,155,20250815,98,"Mobile","2025-10-04 19:49:55"
"253",190,181,20250731,246,"Smart Speaker","2025-10-01 19:49:55"
"254",238,122,20250312,247,"Mobile","2025-10-02 19:49:55"
"255",62,335,20250907,193,"Mobile","2025-10-04 19:49:55"
"256",257,255,20241218,12,"Desktop","2025-10-03 19:49:55"
"257",302,448,20241008,32,"Mobile","2025-09-28 19:49:55"
"258",55,20,20250301,124,"Desktop","2025-09-27 19:49:55"
"259",395,436,20250911,53,"Desktop","2025-10-07 19:49:55"
"260",232,204,20250707,95,"Smart Speaker","2025-10-06 19:49:55"
"261",428,284,20241017,58,"Desktop","2025-10-07 19:49:55"
"262",12,340,20250425,219,"Smart Speaker","2025-10-01 19:49:55"
"263",443,422,20250927,66,"Smart Speaker","2025-10-04 19:49:55"
"264",336,229,20250731,136,"Desktop","2025-09-27 19:49:55"
"265",183,432,20250519,189,"Smart Speaker","2025-10-06 19:49:55"
"266",96,481,20241013,41,"Desktop","2025-09-30 19:49:55"
"267",234,477,20250531,34,"Mobile","2025-10-06 19:49:55"
"268",117,365,20241020,169,"Smart Speaker","2025-10-03 19:49:55"
"269",494,361,20250621,220,"Mobile","2025-10-02 19:49:55"
"270",228,25,20250407,34,"Desktop","2025-09-27 19:49:55"
"271",121,244,20250331,65,"Smart Speaker","2025-10-04 19:49:55"
"272",174,152,20241218,172,"Mobile","2025-10-06 19:49:55"
"273",366,435,20241211,234,"Smart Speaker","2025-10-06 19:49:55"
"274",337,293,20250414,201,"Mobile","2025-10-07 19:49:55"
"275",250,401,20250522,35,"Mobile","2025-09-28 19:49:55"
"276",362,400,20250623,78,"Mobile","2025-09-27 19:49:55"
"277",408,121,20250813,14,"Mobile","2025-10-03 19:49:55"
"278",416,397,20241119,67,"Mobile","2025-09-30 19:49:55"
"279",297,38,20250923,13,"Mobile","2025-09-28 19:49:55"
"280",271,237,20241225,17,"Desktop","2025-10-01 19:49:55"
"281",489,130,20241019,96,"Mobile","2025-09-27 19:49:55"
"282",369,320,20250814,27,"Smart Speaker","2025-10-07 19:49:55"
"283",445,84,20250921,268,"Mobile","2025-09-28 19:49:55"
"284",240,139,20241021,21,"Mobile","2025-10-03 19:49:55"
"285",99,168,20250321,124,"Mobile","2025-10-05 19:49:55"
"286",290,421,20250402,65,"Mobile","2025-10-02 19:49:55"
"287",8,186,20241127,95,"Smart Speaker","2025-10-01 19:49:55"
"288",292,323,20241026,42,"Mobile","2025-09-28 19:49:55"
"289",117,244,20241206,311,"Mobile","2025-09-30 19:49:55"
"290",298,142,20250611,319,"Desktop","2025-09-30 19:49:55"
"291",107,62,20250524,19,"Smart Speaker","2025-10-04 19:49:55"
"292",212,339,20250411,145,"Smart Speaker","2025-10-03 19:49:55"
"293",295,482,20250302,171,"Desktop","2025-09-29 19:49:55"
"294",150,485,20250129,114,"Smart Speaker","2025-10-02 19:49:55"
"295",484,378,20250311,206,"Smart Speaker","2025-10-01 19:49:55"
"296",429,12,20250711,109,"Smart Speaker","2025-10-01 19:49:55"
"297",48,396,20250922,181,"Mobile","2025-09-30 19:49:55"
"298",451,372,20241129,38,"Desktop","2025-10-04 19:49:55"
"299",218,202,20250822,269,"Desktop","2025-10-06 19:49:55"
"300",144,187,20251004,19,"Mobile","2025-09-27 19:49:55"
"301",445,91,20250406,53,"Mobile","2025-09-28 19:49:55"
"302",387,34,20250302,30,"Smart Speaker","2025-09-29 19:49:55"
"303",378,180,20250723,52,"Desktop","2025-10-02 19:49:55"
"304",464,43,20250621,70,"Mobile","2025-10-06 19:49:55"
"305",188,85,20251001,42,"Mobile","2025-10-04 19:49:55"
"306",104,139,20241117,83,"Desktop","2025-10-05 19:49:55"
"307",39,176,20250514,97,"Mobile","2025-10-06 19:49:55"
"308",179,291,20250727,217,"Desktop","2025-09-30 19:49:55"
"309",311,269,20241228,36,"Mobile","2025-09-27 19:49:55"
"310",463,432,20241101,193,"Mobile","2025-09-29 19:49:55"
"311",65,52,20250306,147,"Mobile","2025-09-28 19:49:55"
"312",84,499,20250516,72,"Smart Speaker","2025-10-02 19:49:55"
"313",231,319,20250705,55,"Desktop","2025-10-01 19:49:55"
"314",196,252,20250320,167,"Smart Speaker","2025-10-03 19:49:55"
"315",24,113,20250104,112,"Desktop","2025-09-28 19:49:55"
"316",478,14,20250416,231,"Desktop","2025-10-06 19:49:55"
"317",340,386,20241105,265,"Smart Speaker","2025-09-29 19:49:55"
"318",93,114,20250105,127,"Smart Speaker","2025-10-07 19:49:55"
"319",169,242,20250331,96,"Desktop","2025-10-02 19:49:55"
"320",295,479,20241104,150,"Mobile","2025-09-30 19:49:55"
"321",178,390,20241219,124,"Smart Speaker","2025-10-04 19:49:55"
"322",423,48,20250301,330,"Desktop","2025-10-03 19:49:55"
"323",311,124,20241108,131,"Desktop","2025-10-01 19:49:55"
"324",58,390,20250601,25,"Mobile","2025-10-05 19:49:55"
"325",39,384,20250731,185,"Desktop","2025-10-06 19:49:55"
"326",200,258,20250808,77,"Mobile","2025-10-03 19:49:55"
"327",216,323,20250617,83,"Mobile","2025-10-05 19:49:55"
"328",384,232,20250429,47,"Mobile","2025-10-07 19:49:55"
"329",403,147,20250430,64,"Smart Speaker","2025-10-05 19:49:55"
"330",313,311,20241209,159,"Desktop","2025-09-30 19:49:55"
"331",193,259,20250921,133,"Desktop","2025-09-29 19:49:55"
"332",274,290,20250217,83,"Desktop","2025-09-29 19:49:55"
"333",148,270,20250223,165,"Desktop","2025-10-01 19:49:55"
"334",294,452,20250526,57,"Smart Speaker","2025-10-01 19:49:55"
"335",331,400,20241008,46,"Mobile","2025-10-06 19:49:55"
"336",437,182,20250416,51,"Mobile","2025-09-28 19:49:55"
"337",383,398,20241122,63,"Smart Speaker","2025-09-29 19:49:55"
"338",178,183,20250423,177,"Smart Speaker","2025-09-27 19:49:55"
"339",259,114,20250216,117,"Desktop","2025-10-02 19:49:55"
"340",373,127,20250326,139,"Desktop","2025-10-02 19:49:55"
"341",492,374,20250319,41,"Smart Speaker","2025-10-05 19:49:55"
"342",322,181,20241125,137,"Mobile","2025-10-05 19:49:55"
"343",306,109,20250707,96,"Mobile","2025-10-03 19:49:55"
"344",385,227,20250603,190,"Desktop","2025-10-05 19:49:55"
"345",391,311,20250729,78,"Desktop","2025-10-05 19:49:55"
"346",14,376,20250513,65,"Mobile","2025-09-28 19:49:55"
"347",121,125,20251006,119,"Desktop","2025-09-29 19:49:55"
"348",375,117,20241118,183,"Desktop","2025-09-29 19:49:55"
"349",74,359,20241109,36,"Mobile","2025-10-07 19:49:55"
"350",245,500,20250716,14,"Smart Speaker","2025-09-30 19:49:55"
"351",368,191,20241119,11,"Desktop","2025-10-04 19:49:55"
"352",104,466,20250719,50,"Smart Speaker","2025-10-01 19:49:55"
"353",282,71,20250912,129,"Desktop","2025-10-03 19:49:55"
"354",229,325,20250923,38,"Mobile","2025-10-07 19:49:55"
"355",265,169,20250112,223,"Smart Speaker","2025-10-02 19:49:55"
"356",106,415,20250314,291,"Smart Speaker","2025-10-07 19:49:55"
"357",433,343,20250125,66,"Mobile","2025-09-27 19:49:55"
"358",298,317,20250114,127,"Desktop","2025-10-07 19:49:55"
"359",196,170,20250916,173,"Smart Speaker","2025-10-02 19:49:55"
"360",454,168,20250820,134,"Smart Speaker","2025-10-05 19:49:55"
"361",323,173,20250618,106,"Desktop","2025-10-01 19:49:55"
"362",89,493,20241122,206,"Desktop","2025-09-28 19:49:55"
"363",438,128,20250502,41,"Smart Speaker","2025-09-29 19:49:55"
"364",132,410,20250422,138,"Mobile","2025-10-02 19:49:55"
"365",354,47,20250609,17,"Mobile","2025-10-04 19:49:55"
"366",215,352,20250131,37,"Desktop","2025-10-07 19:49:55"
"367",170,465,20250312,31,"Desktop","2025-10-03 19:49:55"
"368",75,327,20250329,311,"Mobile","2025-09-29 19:49:55"
"369",304,485,20250519,100,"Desktop","2025-09-27 19:49:55"
"370",76,246,20250329,102,"Desktop","2025-10-07 19:49:55"
"371",494,120,20241214,118,"Smart Speaker","2025-09-29 19:49:55"
"372",367,446,20250814,119,"Smart Speaker","2025-09-28 19:49:55"
"373",476,337,20250514,127,"Desktop","2025-10-01 19:49:55"
"374",395,34,20250320,17,"Smart Speaker","2025-09-30 19:49:55"
"375",307,73,20241011,108,"Desktop","2025-10-02 19:49:55"
"376",176,500,20250523,51,"Desktop","2025-10-04 19:49:55"
"377",465,266,20250616,64,"Smart Speaker","2025-09-29 19:49:55"
"378",431,291,20250716,123,"Desktop","2025-10-06 19:49:55"
"379",350,252,20250331,225,"Mobile","2025-10-06 19:49:55"
"380",228,303,20241012,91,"Desktop","2025-10-02 19:49:55"
"381",394,250,20241203,38,"Mobile","2025-09-28 19:49:55"
"382",278,131,20250401,60,"Desktop","2025-10-02 19:49:55"
"383",323,203,20250217,130,"Desktop","2025-09-28 19:49:55"
"384",296,384,20250725,17,"Desktop","2025-09-28 19:49:55"
"385",288,456,20241214,67,"Smart Speaker","2025-10-02 19:49:55"
"386",219,358,20250225,93,"Mobile","2025-10-02 19:49:55"
"387",473,131,20250802,125,"Smart Speaker","2025-09-27 19:49:55"
"388",225,210,20250725,218,"Smart Speaker","2025-09-30 19:49:55"
"389",87,178,20250917,114,"Smart Speaker","2025-10-03 19:49:55"
"390",248,16,20250414,91,"Mobile","2025-10-04 19:49:55"
"391",426,117,20241124,340,"Mobile","2025-09-30 19:49:55"
"392",273,211,20241119,258,"Smart Speaker","2025-10-03 19:49:55"
"393",257,67,20241021,254,"Smart Speaker","2025-09-29 19:49:55"
"394",432,435,20250809,63,"Desktop","2025-10-07 19:49:55"
"395",204,437,20250318,118,"Desktop","2025-09-28 19:49:55"
"396",20,236,20250715,170,"Smart Speaker","2025-10-02 19:49:55"
"397",271,210,20250626,181,"Desktop","2025-09-28 19:49:55"
"398",50,243,20250219,187,"Desktop","2025-09-27 19:49:55"
"399",271,186,20250112,62,"Mobile","2025-10-05 19:49:55"
"400",84,63,20241129,52,"Desktop","2025-10-05 19:49:55"
"401",310,63,20241113,63,"Desktop","2025-09-28 19:49:55"
"402",381,92,20250318,95,"Mobile","2025-09-30 19:49:55"
"403",217,265,20250101,91,"Desktop","2025-10-03 19:49:55"
"404",42,369,20241011,120,"Mobile","2025-09-30 19:49:55"
"405",61,122,20250924,190,"Smart Speaker","2025-10-06 19:49:55"
"406",230,361,20250214,79,"Smart Speaker","2025-09-27 19:49:55"
"407",153,426,20250604,31,"Smart Speaker","2025-09-29 19:49:55"
"408",239,307,20250319,46,"Smart Speaker","2025-09-28 19:49:55"
"409",221,104,20250611,19,"Desktop","2025-10-03 19:49:55"
"410",12,256,20250705,178,"Smart Speaker","2025-10-03 19:49:55"
"411",299,282,20250320,12,"Smart Speaker","2025-10-06 19:49:55"
"412",500,455,20241124,87,"Mobile","2025-10-07 19:49:55"
"413",27,336,20250226,100,"Mobile","2025-10-03 19:49:55"
"414",40,250,20250524,80,"Desktop","2025-09-30 19:49:55"
"415",301,269,20250924,139,"Mobile","2025-09-29 19:49:55"
"416",225,140,20250329,133,"Desktop","2025-10-05 19:49:55"
"417",78,26,20250819,121,"Mobile","2025-10-01 19:49:55"
"418",151,115,20250626,30,"Mobile","2025-09-27 19:49:55"
"419",484,353,20250329,64,"Mobile","2025-09-30 19:49:55"
"420",47,486,20250316,28,"Mobile","2025-09-30 19:49:55"
"421",243,391,20241124,111,"Desktop","2025-09-30 19:49:55"
"422",72,490,20250509,79,"Mobile","2025-09-28 19:49:55"
"423",6,188,20241204,17,"Mobile","2025-09-30 19:49:55"
"424",63,276,20250814,103,"Mobile","2025-10-01 19:49:55"
"425",294,443,20241111,52,"Mobile","2025-09-27 19:49:55"
"426",489,160,20241203,167,"Desktop","2025-09-27 19:49:55"
"427",168,447,20250613,46,"Smart Speaker","2025-10-07 19:49:55"
"428",331,49,20241027,64,"Desktop","2025-09-29 19:49:55"
"429",259,8,20241212,104,"Desktop","2025-10-02 19:49:55"
"430",80,278,20241019,187,"Desktop","2025-09-28 19:49:55"
"431",352,71,20250703,43,"Desktop","2025-10-04 19:49:55"
"432",387,339,20250723,331,"Mobile","2025-09-30 19:49:55"
"433",408,493,20250628,55,"Mobile","2025-09-29 19:49:55"
"434",277,338,20250516,82,"Smart Speaker","2025-10-04 19:49:55"
"435",467,253,20250412,48,"Desktop","2025-10-01 19:49:55"
"436",451,6,20241102,107,"Mobile","2025-10-06 19:49:55"
"437",22,280,20250911,35,"Desktop","2025-10-02 19:49:55"
"438",469,355,20250904,31,"Mobile","2025-10-06 19:49:55"
"439",229,385,20250607,136,"Smart Speaker","2025-10-05 19:49:55"
"440",312,451,20250131,111,"Mobile","2025-10-07 19:49:55"
"441",6,6,20250910,225,"Smart Speaker","2025-10-06 19:49:55"
"442",354,122,20250807,87,"Smart Speaker","2025-10-04 19:49:55"
"443",431,5,20250430,51,"Smart Speaker","2025-10-01 19:49:55"
"444",370,121,20250330,38,"Desktop","2025-09-27 19:49:55"
"445",342,62,20250501,200,"Desktop","2025-10-05 19:49:55"
"446",76,465,20250501,106,"Mobile","2025-10-05 19:49:55"
"447",317,484,20250624,69,"Mobile","2025-10-05 19:49:55"
"448",347,233,20250413,170,"Desktop","2025-09-30 19:49:55"
"449",377,47,20250729,49,"Desktop","2025-09-30 19:49:55"
"450",264,487,20250810,122,"Smart Speaker","2025-10-07 19:49:55"
"451",388,79,20241028,82,"Smart Speaker","2025-10-07 19:49:55"
"452",234,174,20250213,132,"Mobile","2025-10-02 19:49:55"
"453",96,133,20250906,86,"Mobile","2025-09-29 19:49:55"
"454",286,165,20250722,25,"Desktop","2025-10-03 19:49:55"
"455",240,334,20250828,45,"Smart Speaker","2025-09-30 19:49:55"
"456",221,305,20241204,123,"Desktop","2025-09-28 19:49:55"
"457",76,304,20250601,75,"Mobile","2025-09-29 19:49:55"
"458",106,53,20250629,164,"Mobile","2025-09-27 19:49:55"
"459",107,365,20250527,50,"Smart Speaker","2025-10-03 19:49:55"
"460",449,253,20250911,145,"Mobile","2025-10-05 19:49:55"
"461",180,141,20250529,172,"Mobile","2025-09-27 19:49:55"
"462",167,270,20250823,172,"Desktop","2025-10-04 19:49:55"
"463",55,75,20250914,128,"Mobile","2025-10-02 19:49:55"
"464",245,390,20250916,44,"Smart Speaker","2025-10-01 19:49:55"
"465",53,448,20241209,247,"Mobile","2025-09-27 19:49:55"
"466",287,53,20250910,253,"Mobile","2025-10-03 19:49:55"
"467",444,379,20250828,54,"Mobile","2025-10-02 19:49:55"
"468",356,378,20250414,76,"Mobile","2025-10-01 19:49:55"
"469",206,285,20241211,67,"Desktop","2025-10-07 19:49:55"
"470",32,482,20250408,41,"Smart Speaker","2025-10-05 19:49:55"
"471",128,212,20241025,87,"Mobile","2025-10-04 19:49:55"
"472",496,16,20250317,249,"Smart Speaker","2025-10-07 19:49:55"
"473",445,480,20241213,61,"Mobile","2025-09-30 19:49:55"
"474",65,53,20250817,296,"Desktop","2025-09-29 19:49:55"
"475",98,450,20250203,86,"Smart Speaker","2025-09-30 19:49:55"
"476",194,278,20250819,37,"Mobile","2025-10-07 19:49:55"
"477",211,487,20250616,100,"Smart Speaker","2025-10-07 19:49:55"
"478",393,319,20250103,13,"Mobile","2025-09-27 19:49:55"
"479",186,5,20241113,126,"Mobile","2025-10-02 19:49:55"
"480",238,326,20250807,25,"Mobile","2025-09-28 19:49:55"
"481",384,60,20250604,39,"Smart Speaker","2025-10-05 19:49:55"
"482",28,105,20250613,193,"Smart Speaker","2025-09-27 19:49:55"
"483",326,284,20250704,97,"Desktop","2025-10-07 19:49:55"
"484",305,443,20250114,12,"Mobile","2025-10-01 19:49:55"
"485",399,493,20241210,82,"Smart Speaker","2025-09-30 19:49:55"
"486",96,168,20241011,105,"Mobile","2025-09-29 19:49:55"
"487",159,380,20250412,139,"Mobile","2025-09-28 19:49:55"
"488",299,45,20250713,59,"Desktop","2025-10-02 19:49:55"
"489",210,391,20250530,86,"Smart Speaker","2025-10-01 19:49:55"
"490",66,329,20241119,200,"Smart Speaker","2025-10-05 19:49:55"
"491",500,440,20250427,24,"Desktop","2025-09-30 19:49:55"
"492",20,137,20250812,71,"Mobile","2025-10-01 19:49:55"
"493",31,471,20241202,214,"Desktop","2025-09-27 19:49:55"
"494",477,221,20250823,170,"Desktop","2025-10-07 19:49:55"
"495",179,249,20250331,31,"Mobile","2025-10-02 19:49:55"
"496",226,319,20250107,62,"Mobile","2025-10-04 19:49:55"
"497",100,77,20250713,60,"Smart Speaker","2025-10-01 19:49:55"
"498",346,275,20241129,170,"Smart Speaker","2025-10-03 19:49:55"
"499",452,46,20250310,114,"Mobile","2025-10-03 19:49:55"
"500",382,457,20250314,160,"Mobile","2025-09-29 19:49:55"
"501",303,185,20250109,80,"Mobile","2025-10-02 19:49:55"
"502",404,124,20241207,95,"Mobile","2025-10-06 19:49:55"
"503",59,137,20250828,94,"Mobile","2025-09-28 19:49:55"
"504",45,110,20250221,98,"Desktop","2025-09-27 19:49:55"
"505",227,302,20241204,271,"Mobile","2025-10-04 19:49:55"
"506",11,93,20250912,78,"Mobile","2025-09-29 19:49:55"
"507",475,493,20241022,166,"Smart Speaker","2025-09-30 19:49:55"
"508",260,348,20241111,110,"Smart Speaker","2025-10-02 19:49:55"
"509",46,437,20250607,30,"Smart Speaker","2025-10-05 19:49:55"
"510",221,383,20250819,268,"Desktop","2025-09-30 19:49:55"
"511",331,140,20250207,117,"Smart Speaker","2025-10-04 19:49:55"
"512",484,467,20241125,100,"Smart Speaker","2025-10-06 19:49:55"
"513",175,313,20250924,37,"Mobile","2025-10-01 19:49:55"
"514",309,37,20241109,150,"Mobile","2025-09-27 19:49:55"
"515",78,367,20241212,125,"Mobile","2025-10-06 19:49:55"
"516",441,21,20250917,106,"Desktop","2025-10-04 19:49:55"
"517",371,239,20250427,14,"Desktop","2025-10-04 19:49:55"
"518",69,374,20250818,263,"Smart Speaker","2025-10-05 19:49:55"
"519",464,380,20250929,91,"Mobile","2025-09-30 19:49:55"
"520",459,5,20250812,74,"Mobile","2025-10-07 19:49:55"
"521",250,342,20250326,215,"Mobile","2025-09-27 19:49:55"
"522",442,460,20250711,27,"Mobile","2025-10-05 19:49:55"
"523",168,342,20250730,70,"Mobile","2025-10-05 19:49:55"
"524",371,467,20250529,92,"Desktop","2025-10-03 19:49:55"
"525",35,12,20250419,14,"Mobile","2025-09-29 19:49:55"
"526",180,436,20250419,26,"Mobile","2025-10-02 19:49:55"
"527",128,155,20250807,245,"Desktop","2025-10-05 19:49:55"
"528",15,79,20250713,21,"Desktop","2025-10-05 19:49:55"
"529",13,215,20250328,155,"Smart Speaker","2025-09-28 19:49:55"
"530",69,181,20250921,206,"Desktop","2025-10-05 19:49:55"
"531",464,458,20250413,159,"Smart Speaker","2025-10-04 19:49:55"
"532",319,379,20250506,309,"Smart Speaker","2025-09-27 19:49:55"
"533",80,199,20250423,187,"Desktop","2025-10-02 19:49:55"
"534",223,86,20241207,15,"Mobile","2025-10-03 19:49:55"
"535",105,93,20250309,310,"Mobile","2025-10-04 19:49:55"
"536",300,150,20250419,59,"Smart Speaker","2025-10-06 19:49:55"
"537",477,333,20250414,158,"Mobile","2025-10-03 19:49:55"
"538",126,337,20241103,113,"Mobile","2025-10-01 19:49:55"
"539",199,189,20250928,117,"Mobile","2025-09-28 19:49:55"
"540",77,383,20250116,87,"Mobile","2025-10-06 19:49:55"
"541",46,416,20250102,33,"Smart Speaker","2025-10-02 19:49:55"
"542",400,101,20241114,73,"Smart Speaker","2025-10-01 19:49:55"
"543",474,159,20250715,38,"Desktop","2025-09-29 19:49:55"
"544",256,80,20251001,61,"Smart Speaker","2025-10-07 19:49:55"
"545",195,340,20250718,151,"Smart Speaker","2025-09-29 19:49:55"
"546",39,452,20250128,119,"Mobile","2025-10-06 19:49:55"
"547",400,138,20250225,328,"Desktop","2025-10-07 19:49:55"
"548",337,402,20251003,108,"Smart Speaker","2025-10-01 19:49:55"
"549",35,228,20250723,64,"Smart Speaker","2025-10-02 19:49:55"
"550",286,365,20250117,155,"Smart Speaker","2025-09-30 19:49:55"
"551",81,117,20250218,291,"Desktop","2025-10-04 19:49:55"
"552",265,236,20250129,130,"Mobile","2025-10-06 19:49:55"
"553",362,265,20250111,167,"Smart Speaker","2025-10-06 19:49:55"
"554",454,101,20241026,68,"Desktop","2025-09-28 19:49:55"
"555",429,1,20250811,227,"Mobile","2025-10-03 19:49:55"
"556",182,137,20241118,26,"Smart Speaker","2025-10-02 19:49:55"
"557",392,130,20250425,64,"Desktop","2025-10-06 19:49:55"
"558",304,51,20250323,200,"Desktop","2025-10-06 19:49:55"
"559",2,408,20241019,67,"Smart Speaker","2025-09-29 19:49:55"
"560",255,194,20250922,130,"Desktop","2025-10-07 19:49:55"
"561",229,176,20250119,131,"Desktop","2025-10-07 19:49:55"
"562",370,115,20250130,49,"Mobile","2025-09-28 19:49:55"
"563",222,457,20250829,175,"Mobile","2025-09-28 19:49:55"
"564",371,137,20250208,30,"Mobile","2025-10-04 19:49:55"
"565",480,98,20250831,47,"Smart Speaker","2025-10-05 19:49:55"
"566",346,65,20250522,31,"Smart Speaker","2025-10-03 19:49:55"
"567",186,253,20250729,40,"Smart Speaker","2025-09-28 19:49:55"
"568",124,39,20250826,345,"Mobile","2025-10-04 19:49:55"
"569",179,390,20250423,116,"Smart Speaker","2025-10-07 19:49:55"
"570",31,141,20250318,188,"Smart Speaker","2025-09-29 19:49:55"
"571",80,36,20251004,291,"Desktop","2025-09-29 19:49:55"
"572",402,454,20241107,171,"Desktop","2025-09-27 19:49:55"
"573",49,347,20250907,40,"Smart Speaker","2025-10-05 19:49:55"
"574",388,453,20250628,189,"Smart Speaker","2025-10-03 19:49:55"
"575",305,319,20241024,119,"Smart Speaker","2025-10-04 19:49:55"
"576",213,234,20241022,71,"Smart Speaker","2025-09-29 19:49:55"
"577",250,272,20250804,174,"Smart Speaker","2025-09-28 19:49:55"
"578",370,73,20250116,50,"Mobile","2025-10-05 19:49:55"
"579",354,100,20241103,74,"Mobile","2025-09-27 19:49:55"
"580",118,465,20250504,57,"Smart Speaker","2025-10-06 19:49:55"
"581",126,318,20250813,112,"Mobile","2025-09-27 19:49:55"
"582",313,138,20241110,208,"Desktop","2025-09-29 19:49:55"
"583",297,11,20250725,192,"Desktop","2025-10-05 19:49:55"
"584",224,372,20241226,156,"Desktop","2025-10-06 19:49:55"
"585",355,123,20250321,333,"Mobile","2025-09-28 19:49:55"
"586",482,1,20250717,47,"Desktop","2025-10-06 19:49:55"
"587",20,470,20250923,129,"Desktop","2025-09-30 19:49:55"
"588",56,207,20250218,26,"Desktop","2025-10-07 19:49:55"
"589",137,52,20250408,280,"Mobile","2025-09-29 19:49:55"
"590",222,348,20250201,103,"Mobile","2025-10-06 19:49:55"
"591",420,163,20250912,232,"Mobile","2025-09-30 19:49:55"
"592",141,9,20250104,220,"Smart Speaker","2025-09-29 19:49:55"
"593",96,280,20241214,102,"Smart Speaker","2025-09-28 19:49:55"
"594",18,24,20250307,218,"Smart Speaker","2025-10-06 19:49:55"
"595",300,496,20250609,106,"Desktop","2025-10-06 19:49:55"
"596",385,189,20250406,174,"Desktop","2025-10-01 19:49:55"
"597",470,13,20241227,72,"Smart Speaker","2025-09-27 19:49:55"
"598",150,418,20250114,117,"Mobile","2025-09-28 19:49:55"
"599",404,294,20250519,243,"Mobile","2025-09-28 19:49:55"
"600",318,300,20241123,57,"Smart Speaker","2025-09-30 19:49:55"
"601",173,431,20250612,102,"Desktop","2025-09-28 19:49:55"
"602",471,302,20250513,237,"Mobile","2025-09-28 19:49:55"
"603",31,59,20241017,16,"Desktop","2025-09-28 19:49:55"
"604",388,95,20250223,212,"Mobile","2025-10-05 19:49:55"
"605",131,440,20241216,92,"Smart Speaker","2025-09-27 19:49:55"
"606",482,261,20250627,185,"Desktop","2025-09-29 19:49:55"
"607",494,39,20241102,307,"Smart Speaker","2025-09-29 19:49:55"
"608",413,31,20241204,262,"Mobile","2025-10-06 19:49:55"
"609",444,348,20250214,103,"Desktop","2025-10-01 19:49:55"
"610",189,455,20250109,104,"Desktop","2025-09-29 19:49:55"
"611",1,226,20250527,83,"Mobile","2025-10-04 19:49:55"
"612",179,442,20250320,89,"Desktop","2025-09-27 19:49:55"
"613",231,260,20250115,153,"Desktop","2025-09-27 19:49:55"
"614",209,484,20250127,57,"Mobile","2025-09-29 19:49:55"
"615",204,308,20241129,135,"Desktop","2025-10-02 19:49:55"
"616",302,305,20241014,221,"Desktop","2025-10-07 19:49:55"
"617",36,364,20241019,10,"Desktop","2025-10-03 19:49:55"
"618",124,412,20250506,192,"Smart Speaker","2025-09-28 19:49:55"
"619",117,176,20250215,154,"Desktop","2025-09-29 19:49:55"
"620",89,235,20250706,237,"Desktop","2025-09-28 19:49:55"
"621",263,169,20250526,78,"Desktop","2025-10-04 19:49:55"
"622",347,493,20250828,184,"Mobile","2025-09-30 19:49:55"
"623",351,185,20250505,27,"Mobile","2025-10-07 19:49:55"
"624",71,358,20250314,86,"Desktop","2025-09-27 19:49:55"
"625",473,170,20250908,36,"Mobile","2025-09-29 19:49:55"
"626",415,489,20241220,107,"Smart Speaker","2025-10-01 19:49:55"
"627",237,311,20250410,76,"Smart Speaker","2025-09-27 19:49:55"
"628",145,126,20250723,134,"Mobile","2025-10-04 19:49:55"
"629",267,121,20250514,141,"Smart Speaker","2025-09-29 19:49:55"
"630",370,172,20250406,107,"Mobile","2025-10-05 19:49:55"
"631",121,442,20250208,42,"Desktop","2025-10-02 19:49:55"
"632",463,83,20250102,246,"Desktop","2025-10-03 19:49:55"
"633",180,353,20251002,36,"Mobile","2025-10-02 19:49:55"
"634",414,171,20250901,280,"Mobile","2025-10-04 19:49:55"
"635",386,236,20250809,154,"Mobile","2025-09-29 19:49:55"
"636",52,312,20250629,25,"Smart Speaker","2025-09-28 19:49:55"
"637",236,408,20250808,88,"Desktop","2025-09-30 19:49:55"
"638",413,368,20250506,139,"Mobile","2025-10-03 19:49:55"
"639",361,321,20250106,135,"Mobile","2025-09-27 19:49:55"
"640",104,453,20250709,110,"Smart Speaker","2025-10-05 19:49:55"
"641",226,392,20250922,316,"Desktop","2025-10-07 19:49:55"
"642",72,271,20250105,31,"Desktop","2025-09-29 19:49:55"
"643",333,300,20250326,28,"Smart Speaker","2025-10-01 19:49:55"
"644",206,45,20250120,143,"Desktop","2025-09-28 19:49:55"
"645",457,12,20250607,147,"Desktop","2025-10-06 19:49:55"
"646",402,497,20250706,174,"Smart Speaker","2025-10-04 19:49:55"
"647",24,93,20250923,89,"Smart Speaker","2025-10-07 19:49:55"
"648",127,213,20250331,156,"Mobile","2025-09-27 19:49:55"
"649",201,38,20250712,103,"Smart Speaker","2025-10-05 19:49:55"
"650",218,320,20250902,79,"Desktop","2025-10-05 19:49:55"
"651",10,426,20250813,57,"Desktop","2025-10-07 19:49:55"
"652",210,247,20250828,84,"Desktop","2025-09-30 19:49:55"
"653",438,37,20250715,196,"Smart Speaker","2025-09-29 19:49:55"
"654",179,223,20241218,298,"Mobile","2025-10-03 19:49:55"
"655",104,225,20241105,205,"Smart Speaker","2025-09-29 19:49:55"
"656",148,361,20250703,238,"Smart Speaker","2025-10-01 19:49:55"
"657",68,365,20250613,176,"Mobile","2025-10-06 19:49:55"
"658",294,412,20250702,115,"Smart Speaker","2025-09-29 19:49:55"
"659",102,317,20250630,14,"Desktop","2025-09-28 19:49:55"
"660",454,252,20250812,101,"Smart Speaker","2025-09-30 19:49:55"
"661",408,492,20250702,194,"Desktop","2025-09-28 19:49:55"
"662",346,470,20250115,30,"Mobile","2025-09-27 19:49:55"
"663",374,155,20250731,49,"Mobile","2025-10-06 19:49:55"
"664",24,312,20241129,94,"Desktop","2025-10-01 19:49:55"
"665",43,153,20250417,189,"Smart Speaker","2025-09-27 19:49:55"
"666",91,58,20250410,84,"Smart Speaker","2025-10-02 19:49:55"
"667",207,15,20241205,36,"Desktop","2025-09-29 19:49:55"
"668",75,7,20241201,125,"Desktop","2025-09-27 19:49:55"
"669",419,41,20250111,192,"Smart Speaker","2025-09-27 19:49:55"
"670",208,254,20241007,209,"Mobile","2025-10-01 19:49:55"
"671",416,26,20250910,98,"Smart Speaker","2025-10-03 19:49:55"
"672",428,207,20250201,75,"Mobile","2025-10-04 19:49:55"
"673",155,367,20241012,60,"Smart Speaker","2025-09-29 19:49:55"
"674",107,411,20250418,71,"Mobile","2025-10-07 19:49:55"
"675",214,113,20241113,76,"Mobile","2025-09-27 19:49:55"
"676",260,242,20250919,35,"Mobile","2025-09-27 19:49:55"
"677",346,315,20250111,21,"Desktop","2025-10-05 19:49:55"
"678",350,163,20250613,197,"Mobile","2025-10-05 19:49:55"
"679",315,471,20250720,26,"Mobile","2025-10-02 19:49:55"
"680",233,218,20250702,226,"Desktop","2025-10-06 19:49:55"
"681",463,146,20250428,108,"Smart Speaker","2025-10-05 19:49:55"
"682",71,267,20241123,47,"Desktop","2025-10-06 19:49:55"
"683",450,402,20250513,104,"Smart Speaker","2025-10-01 19:49:55"
"684",244,238,20250421,39,"Smart Speaker","2025-10-05 19:49:55"
"685",246,86,20241120,210,"Smart Speaker","2025-10-02 19:49:55"
"686",368,338,20250402,265,"Desktop","2025-10-05 19:49:55"
"687",411,295,20241122,202,"Desktop","2025-10-04 19:49:55"
"688",170,74,20250115,178,"Mobile","2025-10-01 19:49:55"
"689",48,343,20250505,107,"Smart Speaker","2025-09-30 19:49:55"
"690",22,476,20250326,95,"Desktop","2025-10-01 19:49:55"
"691",4,323,20250525,15,"Smart Speaker","2025-10-03 19:49:55"
"692",139,101,20250827,68,"Smart Speaker","2025-10-01 19:49:55"
"693",52,210,20241011,153,"Smart Speaker","2025-10-04 19:49:55"
"694",317,500,20250614,178,"Smart Speaker","2025-09-29 19:49:55"
"695",229,448,20241020,34,"Mobile","2025-10-03 19:49:55"
"696",416,400,20250113,103,"Mobile","2025-10-05 19:49:55"
"697",27,78,20250410,15,"Desktop","2025-10-03 19:49:55"
"698",86,307,20241206,188,"Mobile","2025-10-04 19:49:55"
"699",344,442,20250106,157,"Mobile","2025-10-05 19:49:55"
"700",354,231,20250529,216,"Smart Speaker","2025-10-06 19:49:55"
"701",483,96,20250306,281,"Mobile","2025-10-06 19:49:55"
"702",191,157,20250129,77,"Smart Speaker","2025-10-07 19:49:55"
"703",246,422,20250817,34,"Smart Speaker","2025-09-30 19:49:55"
"704",9,287,20250413,233,"Mobile","2025-09-27 19:49:55"
"705",294,379,20241030,26,"Desktop","2025-10-03 19:49:55"
"706",59,418,20250619,119,"Smart Speaker","2025-10-07 19:49:55"
"707",18,316,20250914,162,"Smart Speaker","2025-09-29 19:49:55"
"708",359,227,20241125,289,"Desktop","2025-10-02 19:49:55"
"709",180,259,20250730,23,"Desktop","2025-10-03 19:49:55"
"710",479,294,20250516,166,"Desktop","2025-09-27 19:49:55"
"711",287,30,20241027,53,"Smart Speaker","2025-09-27 19:49:55"
"712",418,366,20250417,25,"Smart Speaker","2025-10-04 19:49:55"
"713",349,248,20250301,41,"Desktop","2025-10-05 19:49:55"
"714",205,83,20250208,194,"Smart Speaker","2025-10-06 19:49:55"
"715",291,486,20250825,88,"Smart Speaker","2025-10-03 19:49:55"
"716",202,80,20250904,160,"Desktop","2025-10-01 19:49:55"
"717",253,351,20250610,113,"Desktop","2025-10-06 19:49:55"
"718",121,10,20250504,86,"Mobile","2025-10-05 19:49:55"
"719",456,282,20250919,93,"Smart Speaker","2025-10-06 19:49:55"
"720",269,206,20250110,159,"Desktop","2025-10-05 19:49:55"
"721",419,116,20241222,161,"Smart Speaker","2025-10-04 19:49:55"
"722",91,402,20250105,89,"Smart Speaker","2025-09-29 19:49:55"
"723",175,122,20241126,102,"Mobile","2025-10-06 19:49:55"
"724",464,470,20241217,162,"Smart Speaker","2025-10-07 19:49:55"
"725",357,251,20250413,70,"Mobile","2025-10-05 19:49:55"
"726",273,208,20250106,34,"Smart Speaker","2025-09-28 19:49:55"
"727",122,433,20250511,68,"Mobile","2025-10-07 19:49:55"
"728",121,280,20250220,24,"Desktop","2025-09-28 19:49:55"
"729",121,87,20241020,298,"Smart Speaker","2025-09-29 19:49:55"
"730",330,273,20250419,51,"Mobile","2025-09-30 19:49:55"
"731",306,322,20241103,108,"Desktop","2025-10-05 19:49:55"
"732",204,441,20250722,94,"Smart Speaker","2025-09-28 19:49:55"
"733",125,99,20250408,13,"Mobile","2025-09-28 19:49:55"
"734",137,8,20250807,89,"Smart Speaker","2025-10-07 19:49:55"
"735",315,66,20250502,51,"Mobile","2025-09-28 19:49:55"
"736",459,331,20241112,28,"Smart Speaker","2025-10-04 19:49:55"
"737",302,82,20250101,58,"Desktop","2025-09-30 19:49:55"
"738",469,441,20250601,62,"Smart Speaker","2025-10-07 19:49:55"
"739",182,206,20250423,194,"Smart Speaker","2025-10-04 19:49:55"
"740",390,374,20250117,88,"Desktop","2025-10-01 19:49:55"
"741",436,40,20250115,56,"Desktop","2025-10-02 19:49:55"
"742",239,438,20241126,181,"Smart Speaker","2025-10-05 19:49:55"
"743",145,319,20241009,118,"Smart Speaker","2025-10-07 19:49:55"
"744",59,25,20250729,11,"Desktop","2025-10-03 19:49:55"
"745",18,35,20250427,291,"Mobile","2025-10-03 19:49:55"
"746",355,278,20250705,215,"Smart Speaker","2025-10-04 19:49:55"
"747",299,90,20250110,61,"Desktop","2025-09-28 19:49:55"
"748",185,401,20250530,75,"Desktop","2025-10-05 19:49:55"
"749",43,356,20250120,100,"Smart Speaker","2025-10-02 19:49:55"
"750",311,357,20250325,49,"Smart Speaker","2025-10-01 19:49:55"
"751",63,188,20250829,75,"Desktop","2025-10-05 19:49:55"
"752",29,27,20250225,83,"Smart Speaker","2025-10-07 19:49:55"
"753",78,413,20241024,234,"Mobile","2025-09-30 19:49:55"
"754",303,210,20241206,168,"Smart Speaker","2025-09-29 19:49:55"
"755",451,303,20241106,97,"Smart Speaker","2025-09-29 19:49:55"
"756",54,129,20250803,212,"Smart Speaker","2025-10-02 19:49:55"
"757",6,302,20250602,253,"Desktop","2025-09-27 19:49:55"
"758",291,391,20250412,55,"Mobile","2025-10-02 19:49:55"
"759",162,37,20250117,56,"Desktop","2025-09-29 19:49:55"
"760",389,38,20250923,139,"Desktop","2025-09-29 19:49:55"
"761",115,284,20250202,22,"Smart Speaker","2025-10-05 19:49:55"
"762",445,113,20250914,144,"Smart Speaker","2025-10-03 19:49:55"
"763",69,285,20250625,182,"Mobile","2025-10-05 19:49:55"
"764",295,438,20241122,19,"Desktop","2025-10-03 19:49:55"
"765",434,117,20241117,56,"Desktop","2025-10-04 19:49:55"
"766",418,202,20250803,52,"Smart Speaker","2025-10-07 19:49:55"
"767",299,338,20241103,24,"Desktop","2025-09-30 19:49:55"
"768",67,62,20241103,32,"Mobile","2025-10-06 19:49:55"
"769",433,88,20250624,68,"Mobile","2025-10-04 19:49:55"
"770",24,354,20241110,39,"Desktop","2025-10-02 19:49:55"
"771",5,231,20250702,311,"Desktop","2025-09-29 19:49:55"
"772",269,270,20250228,303,"Smart Speaker","2025-09-29 19:49:55"
"773",117,335,20250714,31,"Smart Speaker","2025-09-29 19:49:55"
"774",260,246,20241118,150,"Smart Speaker","2025-09-27 19:49:55"
"775",32,53,20241229,181,"Smart Speaker","2025-09-30 19:49:55"
"776",385,148,20250122,120,"Smart Speaker","2025-10-02 19:49:55"
"777",336,463,20250921,76,"Smart Speaker","2025-10-04 19:49:55"
"778",408,209,20250706,11,"Desktop","2025-09-28 19:49:55"
"779",75,46,20250211,26,"Mobile","2025-10-02 19:49:55"
"780",110,237,20250111,106,"Smart Speaker","2025-09-27 19:49:55"
"781",276,265,20250811,160,"Desktop","2025-09-29 19:49:55"
"782",322,353,20250730,31,"Mobile","2025-09-30 19:49:55"
"783",320,269,20250710,130,"Mobile","2025-10-04 19:49:55"
"784",20,238,20241116,93,"Mobile","2025-10-06 19:49:55"
"785",437,435,20250320,44,"Smart Speaker","2025-09-29 19:49:55"
"786",254,292,20250410,197,"Mobile","2025-09-29 19:49:55"
"787",110,26,20250307,48,"Mobile","2025-09-28 19:49:55"
"788",70,28,20250718,164,"Smart Speaker","2025-10-05 19:49:55"
"789",71,11,20241007,17,"Smart Speaker","2025-09-28 19:49:55"
"790",86,19,20250808,90,"Desktop","2025-09-29 19:49:55"
"791",54,63,20250909,92,"Mobile","2025-10-06 19:49:55"
"792",43,497,20250406,20,"Mobile","2025-10-01 19:49:55"
"793",379,1,20241022,56,"Desktop","2025-09-29 19:49:55"
"794",243,212,20250825,242,"Desktop","2025-09-29 19:49:55"
"795",327,324,20250506,66,"Desktop","2025-10-07 19:49:55"
"796",54,407,20250430,36,"Desktop","2025-09-30 19:49:55"
"797",160,29,20250629,288,"Mobile","2025-10-03 19:49:55"
"798",115,101,20241017,76,"Smart Speaker","2025-10-05 19:49:55"
"799",24,306,20250719,42,"Desktop","2025-09-28 19:49:55"
"800",368,144,20250410,94,"Desktop","2025-10-07 19:49:55"
"801",455,226,20241128,84,"Smart Speaker","2025-10-03 19:49:55"
"802",56,286,20250216,260,"Smart Speaker","2025-09-27 19:49:55"
"803",289,286,20250907,121,"Mobile","2025-09-27 19:49:55"
"804",33,124,20250502,75,"Mobile","2025-09-29 19:49:55"
"805",26,188,20250827,148,"Smart Speaker","2025-10-01 19:49:55"
"806",97,429,20250107,124,"Desktop","2025-10-06 19:49:55"
"807",500,140,20241204,85,"Desktop","2025-09-29 19:49:55"
"808",260,78,20250702,66,"Smart Speaker","2025-10-02 19:49:55"
"809",38,405,20250715,222,"Desktop","2025-10-05 19:49:55"
"810",61,98,20250301,126,"Smart Speaker","2025-10-02 19:49:55"
"811",106,252,20241025,220,"Desktop","2025-10-03 19:49:55"
"812",21,241,20250901,174,"Smart Speaker","2025-10-04 19:49:55"
"813",78,494,20250702,27,"Mobile","2025-09-30 19:49:55"
"814",332,409,20241021,223,"Smart Speaker","2025-10-05 19:49:55"
"815",322,68,20250123,265,"Mobile","2025-09-29 19:49:55"
"816",469,225,20250723,107,"Desktop","2025-10-04 19:49:55"
"817",467,82,20250214,254,"Smart Speaker","2025-09-29 19:49:55"
"818",158,280,20250320,101,"Smart Speaker","2025-10-01 19:49:55"
"819",125,308,20241019,213,"Smart Speaker","2025-10-02 19:49:55"
"820",216,300,20241104,156,"Mobile","2025-09-29 19:49:55"
"821",40,496,20250524,103,"Mobile","2025-10-02 19:49:55"
"822",103,18,20250918,91,"Smart Speaker","2025-10-03 19:49:55"
"823",47,231,20250529,335,"Desktop","2025-10-07 19:49:55"
"824",165,277,20250613,61,"Mobile","2025-09-28 19:49:55"
"825",488,424,20250516,92,"Smart Speaker","2025-09-28 19:49:55"
"826",195,422,20250801,15,"Mobile","2025-09-29 19:49:55"
"827",114,43,20250731,326,"Mobile","2025-09-28 19:49:55"
"828",498,72,20250823,94,"Mobile","2025-10-03 19:49:55"
"829",48,463,20250105,54,"Smart Speaker","2025-09-30 19:49:55"
"830",403,369,20250602,123,"Mobile","2025-09-29 19:49:55"
"831",44,420,20241128,20,"Mobile","2025-10-04 19:49:55"
"832",228,241,20250210,213,"Mobile","2025-09-28 19:49:55"
"833",275,319,20250513,71,"Desktop","2025-10-05 19:49:55"
"834",259,230,20241027,281,"Mobile","2025-09-28 19:49:55"
"835",294,71,20241015,55,"Mobile","2025-09-27 19:49:55"
"836",119,470,20250403,116,"Smart Speaker","2025-09-27 19:49:55"
"837",469,336,20250413,119,"Mobile","2025-10-01 19:49:55"
"838",303,356,20241121,102,"Smart Speaker","2025-09-30 19:49:55"
"839",269,167,20250628,270,"Desktop","2025-10-02 19:49:55"
"840",18,208,20250525,111,"Desktop","2025-10-01 19:49:55"
"841",386,105,20250514,85,"Mobile","2025-09-28 19:49:55"
"842",467,442,20250402,212,"Mobile","2025-09-29 19:49:55"
"843",186,222,20250509,152,"Mobile","2025-09-27 19:49:55"
"844",16,134,20250407,38,"Mobile","2025-10-06 19:49:55"
"845",497,318,20250623,50,"Smart Speaker","2025-09-29 19:49:55"
"846",36,222,20250308,180,"Desktop","2025-09-28 19:49:55"
"847",370,83,20250314,29,"Desktop","2025-10-01 19:49:55"
"848",177,247,20250729,98,"Mobile","2025-10-03 19:49:55"
"849",40,91,20251004,64,"Mobile","2025-10-02 19:49:55"
"850",222,263,20250310,54,"Desktop","2025-10-02 19:49:55"
"851",445,103,20250705,15,"Mobile","2025-09-29 19:49:55"
"852",195,121,20250103,97,"Mobile","2025-10-05 19:49:55"
"853",94,450,20250428,96,"Smart Speaker","2025-09-27 19:49:55"
"854",288,150,20250306,40,"Desktop","2025-10-07 19:49:55"
"855",59,159,20241114,157,"Smart Speaker","2025-09-29 19:49:55"
"856",354,163,20250405,23,"Smart Speaker","2025-10-05 19:49:55"
"857",353,38,20250215,89,"Desktop","2025-10-02 19:49:55"
"858",493,243,20250321,163,"Smart Speaker","2025-10-07 19:49:55"
"859",19,408,20250107,98,"Mobile","2025-10-05 19:49:55"
"860",286,231,20250524,68,"Mobile","2025-09-29 19:49:55"
"861",422,97,20250510,46,"Desktop","2025-10-04 19:49:55"
"862",392,107,20250415,180,"Mobile","2025-10-07 19:49:55"
"863",44,149,20241103,125,"Mobile","2025-10-01 19:49:55"
"864",115,454,20250614,16,"Smart Speaker","2025-10-03 19:49:55"
"865",7,128,20241121,107,"Mobile","2025-10-01 19:49:55"
"866",254,270,20250620,202,"Smart Speaker","2025-10-02 19:49:55"
"867",236,489,20241114,233,"Desktop","2025-10-03 19:49:55"
"868",54,484,20250611,56,"Mobile","2025-09-28 19:49:55"
"869",361,360,20250629,113,"Smart Speaker","2025-09-28 19:49:55"
"870",397,277,20250618,27,"Smart Speaker","2025-10-05 19:49:55"
"871",329,28,20250630,266,"Mobile","2025-10-03 19:49:55"
"872",153,154,20241116,42,"Mobile","2025-09-28 19:49:55"
"873",495,112,20250811,148,"Mobile","2025-10-01 19:49:55"
"874",483,124,20250811,207,"Desktop","2025-10-05 19:49:55"
"875",169,204,20250130,51,"Smart Speaker","2025-09-27 19:49:55"
"876",231,155,20241207,119,"Desktop","2025-10-04 19:49:56"
"877",360,338,20251002,65,"Smart Speaker","2025-09-27 19:49:56"
"878",144,320,20241017,73,"Smart Speaker","2025-10-02 19:49:56"
"879",88,244,20250809,33,"Smart Speaker","2025-10-05 19:49:56"
"880",77,113,20250831,139,"Smart Speaker","2025-10-05 19:49:56"
"881",288,233,20250628,97,"Mobile","2025-10-03 19:49:56"
"882",228,485,20250813,112,"Smart Speaker","2025-10-06 19:49:56"
"883",18,123,20250125,79,"Smart Speaker","2025-09-27 19:49:56"
"884",250,370,20250618,93,"Desktop","2025-09-30 19:49:56"
"885",219,341,20241231,257,"Desktop","2025-10-04 19:49:56"
"886",288,125,20250905,34,"Smart Speaker","2025-10-03 19:49:56"
"887",455,20,20241102,127,"Mobile","2025-09-28 19:49:56"
"888",216,311,20250727,138,"Smart Speaker","2025-10-02 19:49:56"
"889",334,230,20250312,129,"Smart Speaker","2025-09-30 19:49:56"
"890",74,383,20241229,282,"Mobile","2025-10-04 19:49:56"
"891",245,270,20250604,119,"Desktop","2025-10-03 19:49:56"
"892",257,184,20241209,204,"Mobile","2025-09-30 19:49:56"
"893",142,353,20250621,87,"Mobile","2025-09-29 19:49:56"
"894",249,469,20250330,117,"Smart Speaker","2025-09-28 19:49:56"
"895",61,473,20241107,163,"Desktop","2025-09-30 19:49:56"
"896",318,135,20250926,81,"Desktop","2025-09-30 19:49:56"
"897",149,80,20241211,228,"Smart Speaker","2025-10-05 19:49:56"
"898",34,204,20241008,92,"Desktop","2025-10-04 19:49:56"
"899",77,311,20250827,47,"Desktop","2025-10-03 19:49:56"
"900",327,431,20250701,166,"Smart Speaker","2025-10-02 19:49:56"
"901",216,285,20241013,31,"Desktop","2025-09-28 19:49:56"
"902",496,169,20250921,339,"Mobile","2025-09-27 19:49:56"
"903",135,476,20250509,171,"Mobile","2025-09-29 19:49:56"
"904",78,110,20241031,120,"Smart Speaker","2025-09-27 19:49:56"
"905",390,194,20250907,152,"Smart Speaker","2025-10-01 19:49:56"
"906",434,247,20250701,179,"Smart Speaker","2025-10-05 19:49:56"
"907",194,77,20241027,31,"Smart Speaker","2025-10-01 19:49:56"
"908",191,222,20241016,138,"Smart Speaker","2025-09-29 19:49:56"
"909",417,415,20250517,129,"Desktop","2025-10-05 19:49:56"
"910",396,17,20250127,119,"Desktop","2025-09-29 19:49:56"
"911",107,22,20250408,185,"Smart Speaker","2025-10-05 19:49:56"
"912",395,269,20250910,34,"Smart Speaker","2025-10-07 19:49:56"
"913",406,226,20250910,12,"Mobile","2025-09-27 19:49:56"
"914",99,374,20241013,266,"Desktop","2025-10-04 19:49:56"
"915",294,129,20250515,174,"Desktop","2025-10-07 19:49:56"
"916",437,448,20250308,10,"Desktop","2025-10-07 19:49:56"
"917",180,69,20250530,151,"Smart Speaker","2025-10-06 19:49:56"
"918",384,19,20241121,70,"Desktop","2025-10-04 19:49:56"
"919",137,109,20250823,17,"Mobile","2025-10-03 19:49:56"
"920",203,310,20250226,57,"Desktop","2025-10-05 19:49:56"
"921",404,380,20250707,91,"Smart Speaker","2025-10-06 19:49:56"
"922",151,385,20250929,204,"Mobile","2025-09-27 19:49:56"
"923",284,2,20250202,102,"Desktop","2025-09-28 19:49:56"
"924",290,478,20250124,10,"Mobile","2025-10-03 19:49:56"
"925",494,171,20250216,324,"Smart Speaker","2025-09-27 19:49:56"
"926",26,315,20250926,125,"Smart Speaker","2025-10-07 19:49:56"
"927",33,478,20250430,55,"Smart Speaker","2025-10-01 19:49:56"
"928",218,112,20250227,105,"Desktop","2025-10-05 19:49:56"
"929",390,314,20241229,48,"Mobile","2025-10-06 19:49:56"
"930",405,427,20250922,30,"Mobile","2025-09-27 19:49:56"
"931",72,481,20250307,16,"Desktop","2025-09-27 19:49:56"
"932",299,118,20250418,233,"Desktop","2025-10-01 19:49:56"
"933",455,381,20250720,101,"Mobile","2025-10-05 19:49:56"
"934",23,245,20250923,152,"Mobile","2025-10-02 19:49:56"
"935",280,67,20250712,274,"Smart Speaker","2025-10-03 19:49:56"
"936",196,191,20250627,59,"Desktop","2025-10-07 19:49:56"
"937",72,343,20250706,79,"Smart Speaker","2025-10-04 19:49:56"
"938",220,293,20250930,166,"Mobile","2025-10-01 19:49:56"
"939",432,319,20241210,57,"Desktop","2025-10-03 19:49:56"
"940",209,259,20241009,19,"Desktop","2025-10-03 19:49:56"
"941",59,360,20250310,134,"Mobile","2025-10-03 19:49:56"
"942",363,153,20250629,222,"Smart Speaker","2025-09-28 19:49:56"
"943",421,107,20250922,35,"Mobile","2025-09-29 19:49:56"
"944",119,373,20250420,126,"Desktop","2025-10-04 19:49:56"
"945",264,248,20250307,214,"Mobile","2025-10-07 19:49:56"
"946",445,349,20241024,199,"Mobile","2025-10-03 19:49:56"
"947",408,268,20250215,227,"Desktop","2025-10-04 19:49:56"
"948",343,76,20241023,68,"Smart Speaker","2025-09-30 19:49:56"
"949",59,166,20241123,237,"Smart Speaker","2025-09-29 19:49:56"
"950",211,331,20241105,96,"Mobile","2025-09-28 19:49:56"
"951",303,469,20250912,148,"Smart Speaker","2025-09-29 19:49:56"
"952",399,166,20241021,137,"Mobile","2025-10-04 19:49:56"
"953",2,153,20250904,164,"Desktop","2025-10-02 19:49:56"
"954",333,151,20250222,29,"Desktop","2025-10-03 19:49:56"
"955",155,416,20250828,43,"Desktop","2025-10-06 19:49:56"
"956",399,309,20241113,116,"Smart Speaker","2025-09-28 19:49:56"
"957",474,29,20250614,155,"Desktop","2025-09-30 19:49:56"
"958",194,492,20250619,332,"Desktop","2025-09-29 19:49:56"
"959",411,313,20241215,163,"Smart Speaker","2025-09-27 19:49:56"
"960",441,115,20250401,76,"Desktop","2025-10-02 19:49:56"
"961",308,247,20241112,227,"Desktop","2025-10-01 19:49:56"
"962",223,61,20250118,51,"Desktop","2025-09-28 19:49:56"
"963",25,351,20241230,201,"Mobile","2025-10-05 19:49:56"
"964",270,47,20241008,26,"Desktop","2025-10-07 19:49:56"
"965",293,187,20250601,144,"Mobile","2025-10-02 19:49:56"
"966",359,407,20241110,50,"Smart Speaker","2025-10-04 19:49:56"
"967",478,111,20250726,69,"Mobile","2025-09-28 19:49:56"
"968",399,331,20241122,94,"Smart Speaker","2025-10-05 19:49:56"
"969",349,191,20250129,66,"Desktop","2025-10-01 19:49:56"
"970",204,129,20250603,138,"Smart Speaker","2025-10-03 19:49:56"
"971",199,66,20250103,205,"Smart Speaker","2025-10-06 19:49:56"
"972",490,7,20250108,139,"Smart Speaker","2025-09-30 19:49:56"
"973",378,174,20241012,43,"Smart Speaker","2025-09-27 19:49:56"
"974",313,205,20250311,196,"Mobile","2025-10-05 19:49:56"
"975",38,456,20241228,86,"Desktop","2025-10-03 19:49:56"
"976",116,246,20250619,26,"Mobile","2025-10-02 19:49:56"
"977",84,113,20241110,218,"Smart Speaker","2025-10-04 19:49:56"
"978",420,158,20250525,72,"Desktop","2025-10-03 19:49:56"
"979",38,315,20250225,175,"Mobile","2025-10-05 19:49:56"
"980",260,240,20250102,83,"Smart Speaker","2025-10-04 19:49:56"
"981",441,130,20250720,90,"Desktop","2025-10-01 19:49:56"
"982",103,116,20250102,15,"Desktop","2025-10-01 19:49:56"
"983",59,245,20250527,216,"Desktop","2025-09-30 19:49:56"
"984",80,450,20250826,52,"Mobile","2025-10-07 19:49:56"
"985",242,120,20250805,23,"Mobile","2025-10-02 19:49:56"
"986",96,43,20250714,93,"Smart Speaker","2025-10-05 19:49:56"
"987",196,405,20250518,160,"Smart Speaker","2025-09-27 19:49:56"
"988",373,244,20250429,129,"Mobile","2025-10-01 19:49:56"
"989",372,106,20250507,73,"Desktop","2025-10-07 19:49:56"
"990",487,474,20250928,122,"Smart Speaker","2025-09-27 19:49:56"
"991",110,374,20250412,130,"Desktop","2025-09-27 19:49:56"
"992",487,393,20250912,143,"Mobile","2025-10-03 19:49:56"
"993",350,256,20250227,98,"Mobile","2025-10-02 19:49:56"
"994",197,287,20241102,212,"Mobile","2025-10-04 19:49:56"
"995",498,462,20250501,201,"Smart Speaker","2025-10-05 19:49:56"
"996",421,46,20250925,156,"Desktop","2025-10-07 19:49:56"
"997",290,350,20250611,139,"Desktop","2025-10-02 19:49:56"
"998",493,107,20250429,224,"Desktop","2025-10-02 19:49:56"
"999",379,81,20250221,66,"Desktop","2025-10-05 19:49:56"
"1000",379,42,20241114,15,"Desktop","2025-09-29 19:49:56"
